item,needs_backfill,model_ready,backfill_reason,has_summary,summary_ready,summary_n_listings,has_fit,fit_ready,fit_n_clean,pred_cv,pred_mean,pred_min,pred_max
USP-S | Printstream (Well-Worn),False,True,,True,True,20,True,True,20,0.0081,37.889,37.49,38.62
SSG 08 | Parallax (Minimal Wear),False,True,,True,True,21,True,True,20,0.0124,16.0314,15.81,16.72
MP9 | Hydra (Well-Worn),False,True,,True,True,22,True,True,21,0.0303,5.2768,5.18,5.97
M4A4 | In Living Color (Battle-Scarred),False,True,,True,True,25,True,True,23,0.0557,28.8524,28.11,35.06
M4A4 | Neo-Noir (Battle-Scarred),False,True,,True,True,25,True,True,23,0.0387,29.9364,29.23,33.8
AUG | Death by Puppy (Field-Tested),False,True,,True,True,27,True,True,26,0.0367,4.7485,4.49,5.09
Dual Berettas | Royal Consorts (Well-Worn),False,True,,True,True,28,True,True,27,0.0069,3.72,3.68,3.82
FAMAS | Pulse (Field-Tested),False,True,,True,True,28,True,True,28,0.0139,10.7093,10.43,10.91
M4A1-S | Glitched Paint (Well-Worn),False,True,,True,True,28,True,True,28,0.0136,3.6668,3.6,3.8
P250 | Boreal Forest (Factory New),False,True,,True,True,30,True,True,30,0.1446,7.8307,6.56,9.91
Five-SeveN | Scumbria (Factory New),False,True,,True,True,33,True,True,33,0.1706,16.1615,13.44,21.32
AUG | Triqua (Factory New),False,True,,True,True,34,True,True,33,0.1762,4.6409,3.76,6.21
SSG 08 | Dark Water (Field-Tested),False,True,,True,True,34,True,True,34,0.0223,3.4726,3.41,3.7
P90 | Sand Spray (Factory New),False,True,,True,True,35,True,True,34,0.1846,2.39,1.75,3.38
Glock-18 | Snack Attack (Well-Worn),False,True,,True,True,36,True,True,36,0.0031,15.8581,15.73,15.99
Desert Eagle | Mecha Industries (Well-Worn),False,True,,True,True,37,True,True,34,0.0357,6.4549,6.36,7.63
AK-47 | Neon Rider (Battle-Scarred),False,True,,True,True,37,True,True,36,0.0437,46.0305,44.94,55.17
Galil AR | Eco (Well-Worn),False,True,,True,True,38,True,True,36,0.0224,12.5495,12.38,13.89
SCAR-20 | Bloodsport (Field-Tested),False,True,,True,True,38,True,True,38,0.0333,12.1826,11.51,12.84
AK-47 | The Outsiders (Well-Worn),False,True,,True,True,39,True,True,38,0.025,8.6733,8.43,9.84
AK-47 | Point Disarray (Battle-Scarred),False,True,,True,True,39,True,True,39,0.0653,14.7885,14.31,18.44
CZ75-Auto | Imprint (Factory New),False,True,,True,True,39,True,True,39,0.1576,6.9182,5.5,8.83
MAC-10 | Carnivore (Factory New),False,True,,True,True,40,True,True,40,0.1877,10.5665,8.2,14.26
AK-47 | Phantom Disruptor (Battle-Scarred),False,True,,True,True,41,True,True,38,0.0559,6.0759,5.91,7.45
Dual Berettas | Elite 1.6 (Factory New),False,True,,True,True,41,True,True,39,0.2124,4.2649,3.13,5.5
Galil AR | Sage Spray (Factory New),False,True,,True,True,41,True,True,41,0.1334,7.8434,6.3,9.51
Five-SeveN | Monkey Business (Well-Worn),False,True,,True,True,42,True,True,39,0.0281,12.5517,12.34,13.91
Tec-9 | Fuel Injector (Battle-Scarred),False,True,,True,True,42,True,True,41,0.101,11.5771,11.07,16.76
MAC-10 | Whitefish (Factory New),False,True,,True,True,42,True,True,42,0.1819,8.0429,6.75,11.07
P2000 | Turf (Factory New),False,True,,True,True,42,True,True,42,0.2011,28.3607,20.66,37.0
MP9 | Orange Peel (Factory New),False,True,,True,True,43,True,True,41,0.1526,9.5849,8.01,12.2
P250 | Mint Kimono (Minimal Wear),False,True,,True,True,43,True,True,41,0.0803,12.6737,11.71,14.74
G3SG1 | Stinger (Field-Tested),False,True,,True,True,44,True,True,42,0.111,4.3857,3.65,4.98
Glock-18 | AXIA (Battle-Scarred),False,True,,True,True,45,True,True,44,0.0149,38.1256,37.78,41.29
P250 | Asiimov (Well-Worn),False,True,,True,True,46,True,True,46,0.0064,11.967,11.85,12.14
FAMAS | Bad Trip (Well-Worn),False,True,,True,True,47,True,True,47,0.0028,46.4302,46.17,46.77
CZ75-Auto | Red Astor (Factory New),False,True,,True,True,48,True,True,48,0.1962,20.4496,16.73,28.52
FAMAS | Eye of Athena (Field-Tested),False,True,,True,True,48,True,True,48,0.1093,6.2065,5.46,7.32
P90 | Shallow Grave (Minimal Wear),False,True,,True,True,48,True,True,48,0.1192,51.3729,46.13,61.99
Sawed-Off | Wasteland Princess (Field-Tested),False,True,,True,True,48,True,True,48,0.0744,37.7285,35.47,43.62
Tec-9 | Fuel Injector (Well-Worn),False,True,,True,True,48,True,True,48,0.0056,11.3583,11.24,11.54
AK-47 | Ice Coaled (Well-Worn),False,True,,True,True,49,True,True,46,0.0785,5.3322,5.22,7.96
MP7 | Powercore (Minimal Wear),False,True,,True,True,49,True,True,47,0.1773,5.0271,4.01,6.1
XM1014 | XOXO (Well-Worn),False,True,,True,True,49,True,True,49,0.0059,3.5271,3.48,3.56
MP7 | Smoking Kills (Well-Worn),False,True,,True,True,50,True,True,47,0.0175,6.526,6.35,7.05
Sawed-Off | Kiss♥Love (Battle-Scarred),False,True,,True,True,50,True,True,50,0.1431,3.4516,3.27,5.32
SSG 08 | Azure Glyph (Factory New),False,True,,True,True,51,True,True,49,0.4032,9.0735,7.77,33.8
Five-SeveN | Capillary (Factory New),False,True,,True,True,52,True,True,51,0.2078,5.1256,3.76,6.71
Tec-9 | Urban DDPAT (Factory New),False,True,,True,True,52,True,True,51,0.1285,5.67,4.99,7.05
P250 | Kintsugi (Well-Worn),False,True,,True,True,52,True,True,52,0.0036,6.5246,6.49,6.54
Tec-9 | Bamboozle (Factory New),False,True,,True,True,52,True,True,52,0.1556,18.8463,16.39,26.04
M4A4 | Desolate Space (Battle-Scarred),False,True,,True,True,53,True,True,50,0.128,13.8162,12.62,18.65
FAMAS | Bad Trip (Minimal Wear),False,True,,True,True,53,True,True,52,0.0371,51.4258,50.02,55.71
UMP-45 | Wild Child (Battle-Scarred),False,True,,True,True,54,True,True,54,0.1382,3.275,2.95,4.65
P90 | Traction (Factory New),False,True,,True,True,55,True,True,53,0.1693,7.2378,5.93,9.85
Tec-9 | Snek-9 (Factory New),False,True,,True,True,55,True,True,54,0.1343,16.2953,13.77,20.96
AK-47 | Aquamarine Revenge (Battle-Scarred),False,True,,True,True,55,True,True,55,0.0495,40.356,39.12,51.57
MAG-7 | Justice (Field-Tested),False,True,,True,True,55,True,True,55,0.1166,6.328,5.79,8.24
SSG 08 | Red Stone (Minimal Wear),False,True,,True,True,56,True,True,56,0.1096,12.3455,11.6,17.44
AUG | Arctic Wolf (Factory New),False,True,,True,True,57,True,True,55,0.1842,29.6468,25.33,42.16
AWP | Wildfire (Battle-Scarred),False,True,,True,True,57,True,True,57,0.0432,44.1637,42.59,53.29
P90 | Elite Build (Factory New),False,True,,True,True,57,True,True,57,0.1638,9.3782,7.61,12.55
CZ75-Auto | Pole Position (Factory New),False,True,,True,True,58,True,True,57,0.224,15.9716,12.59,22.12
P90 | Shapewood (Field-Tested),False,True,,True,True,58,True,True,57,0.0767,9.824,9.22,11.62
XM1014 | XOXO (Battle-Scarred),False,True,,True,True,58,True,True,58,0.0769,3.3747,3.24,4.35
USP-S | The Traitor (Battle-Scarred),False,True,,True,True,59,True,True,56,0.085,33.8319,32.29,47.7
AUG | Fleet Flock (Field-Tested),False,True,,True,True,59,True,True,59,0.0633,12.8624,12.2,14.57
M4A1-S | Nightmare (Well-Worn),False,True,,True,True,59,True,True,59,0.0041,8.5081,8.43,8.66
AK-47 | Cartel (Battle-Scarred),False,True,,True,True,60,True,True,56,0.1578,17.3825,16.59,37.75
P90 | Deathgaze (Well-Worn),False,True,,True,True,60,True,True,60,0.0108,6.61,6.56,6.71
MAC-10 | Malachite (Factory New),False,True,,True,True,61,True,True,56,0.17,18.208,16.39,25.96
AWP | Exoskeleton (Minimal Wear),False,True,,True,True,61,True,True,58,0.0343,16.8608,16.47,19.61
MAC-10 | Last Dive (Factory New),False,True,,True,True,61,True,True,58,0.1712,12.7316,11.02,17.84
USP-S | Monster Mashup (Field-Tested),False,True,,True,True,61,True,True,59,0.1332,25.7428,24.41,50.62
Glock-18 | Mirror Mosaic (Battle-Scarred),False,True,,True,True,62,True,True,61,0.1284,5.3039,4.65,6.87
MAC-10 | Echoing Sands (Factory New),False,True,,True,True,62,True,True,62,0.0849,9.4926,8.49,11.79
Sawed-Off | Kiss♥Love (Well-Worn),False,True,,True,True,63,True,True,61,0.1916,3.5821,3.47,8.94
Galil AR | Black Sand (Factory New),False,True,,True,True,64,True,True,62,0.1588,25.7523,21.62,33.85
UMP-45 | Wild Child (Well-Worn),False,True,,True,True,64,True,True,63,0.1635,3.3581,3.26,7.68
Galil AR | Akoben (Factory New),False,True,,True,True,65,True,True,64,0.1899,10.6006,8.66,14.29
AWP | Hyper Beast (Well-Worn),False,True,,True,True,65,True,True,65,0.0036,34.1169,33.84,34.36
Tec-9 | Bamboo Forest (Minimal Wear),False,True,,True,True,65,True,True,65,0.0342,12.3394,11.8,13.53
M4A4 | Full Throttle (Battle-Scarred),False,True,,True,True,66,True,True,65,0.0952,31.0603,28.67,41.02
P250 | Kintsugi (Field-Tested),False,True,,True,True,66,True,True,66,0.0,7.31,7.31,7.31
AUG | Death by Puppy (Factory New),False,True,,True,True,67,True,True,62,0.2074,31.4694,26.19,43.91
Galil AR | Chromatic Aberration (Battle-Scarred),False,True,,True,True,67,True,True,64,0.222,3.604,3.26,8.3
M4A4 | Cyber Security (Field-Tested),False,True,,True,True,68,True,True,67,0.0757,27.1504,25.49,31.91
P250 | Vino Primo (Minimal Wear),False,True,,True,True,68,True,True,67,0.0702,4.021,3.72,4.93
UMP-45 | K.O. Factory (Battle-Scarred),False,True,,True,True,69,True,True,67,0.1269,4.5567,4.28,6.53
AK-47 | The Outsiders (Battle-Scarred),False,True,,True,True,69,True,True,69,0.0589,8.7555,8.47,10.81
SG 553 | Cyrex (Field-Tested),False,True,,True,True,69,True,True,69,0.0985,5.2683,4.87,6.56
MP7 | Cirrus (Factory New),False,True,,True,True,70,True,True,69,0.1746,28.5573,22.34,36.97
P90 | Deathgaze (Minimal Wear),False,True,,True,True,70,True,True,69,0.0165,13.8473,13.82,15.73
SCAR-20 | Bloodsport (Factory New),False,True,,True,True,70,True,True,70,0.2035,27.2244,23.44,40.6
AK-47 | Head Shot (Battle-Scarred),False,True,,True,True,71,True,True,65,0.1654,30.8545,28.28,64.54
AK-47 | Frontside Misty (Battle-Scarred),False,True,,True,True,71,True,True,69,0.0277,16.9732,16.62,20.03
Dual Berettas | Hydro Strike (Factory New),False,True,,True,True,73,True,True,72,0.2309,15.0145,11.17,21.9
M4A4 | Tooth Fairy (Battle-Scarred),False,True,,True,True,73,True,True,72,0.0549,3.9347,3.83,4.9
P2000 | Wicked Sick (Well-Worn),False,True,,True,True,73,True,True,73,0.0097,3.3777,3.34,3.47
AK-47 | Head Shot (Well-Worn),False,True,,True,True,74,True,True,71,0.0244,33.9897,33.44,39.07
MP7 | Abyssal Apparition (Battle-Scarred),False,True,,True,True,74,True,True,72,0.1682,7.0815,6.35,10.19
P250 | Asiimov (Battle-Scarred),False,True,,True,True,74,True,True,72,0.4469,13.3001,11.99,61.98
FAMAS | Eye of Athena (Minimal Wear),False,True,,True,True,74,True,True,73,0.1352,12.355,10.38,14.73
P250 | Verdigris (Factory New),False,True,,True,True,74,True,True,74,0.201,5.6839,4.55,7.55
Five-SeveN | Boost Protocol (Factory New),False,True,,True,True,75,True,True,74,0.16,14.3143,13.1,21.8
Desert Eagle | Code Red (Minimal Wear),False,True,,True,True,76,True,True,73,0.0968,57.2647,55.08,101.1
Galil AR | Crimson Tsunami (Factory New),False,True,,True,True,77,True,True,75,0.1915,20.3236,18.09,30.95
SG 553 | Damascus Steel (Factory New),False,True,,True,True,77,True,True,75,0.1997,4.4294,3.48,6.05
M4A4 | Turbine (Factory New),False,True,,True,True,78,True,True,74,0.1306,38.6083,32.99,47.2
AUG | Stymphalian (Factory New),False,True,,True,True,78,True,True,77,0.2203,25.5901,20.71,37.8
Galil AR | Chromatic Aberration (Well-Worn),False,True,,True,True,78,True,True,78,0.0041,3.6055,3.58,3.69
P2000 | Wicked Sick (Battle-Scarred),False,True,,True,True,79,True,True,76,0.1593,3.3842,3.06,5.06
Five-SeveN | Angry Mob (Field-Tested),False,True,,True,True,79,True,True,79,0.0383,60.7385,57.24,69.77
Five-SeveN | Boost Protocol (Minimal Wear),False,True,,True,True,79,True,True,79,0.0941,5.3367,4.91,6.28
P90 | Trigon (Field-Tested),False,True,,True,True,79,True,True,79,0.0516,9.9389,9.63,11.19
MAC-10 | Heat (Field-Tested),False,True,,True,True,80,True,True,77,0.1748,3.6586,2.9,4.54
M4A1-S | Flashback (Well-Worn),False,True,,True,True,81,True,True,77,0.0105,3.6746,3.61,3.83
AK-47 | Frontside Misty (Well-Worn),False,True,,True,True,81,True,True,79,0.0106,16.9252,16.72,18.02
Nova | Gila (Minimal Wear),False,True,,True,True,81,True,True,80,0.1,4.1963,3.77,4.86
P2000 | Acid Etched (Factory New),False,True,,True,True,81,True,True,80,0.1848,29.7706,25.15,39.87
Galil AR | Firefight (Factory New),False,True,,True,True,82,True,True,80,0.1709,29.6559,24.97,40.28
Glock-18 | Oxide Blaze (Factory New),False,True,,True,True,82,True,True,81,0.1309,7.8573,6.12,9.32
AWP | Printstream (Battle-Scarred),False,True,,True,True,82,True,True,82,0.0541,44.9843,43.41,58.53
P250 | Valence (Factory New),False,True,,True,True,83,True,True,82,0.1977,3.9537,3.38,7.53
PP-Bizon | High Roller (Field-Tested),False,True,,True,True,84,True,True,83,0.0677,10.2019,9.64,12.0
M4A1-S | Basilisk (Factory New),False,True,,True,True,85,True,True,83,0.1164,70.5618,65.78,96.79
MP9 | Goo (Factory New),False,True,,True,True,85,True,True,85,0.2224,8.2127,6.94,11.96
M4A1-S | Flashback (Battle-Scarred),False,True,,True,True,86,True,True,86,0.0978,3.6686,3.47,5.07
AK-47 | Breakthrough (Minimal Wear),False,True,,True,True,87,True,True,87,0.0039,9.0467,9.04,9.28
AUG | Stymphalian (Minimal Wear),False,True,,True,True,87,True,True,87,0.1601,6.3095,5.4,7.72
Tec-9 | Ossified (Factory New),False,True,,True,True,88,True,True,85,0.1201,59.6078,53.72,101.97
USP-S | The Traitor (Well-Worn),False,True,,True,True,89,True,True,89,0.0075,36.5046,36.06,37.82
MP9 | Slide (Factory New),False,True,,True,True,90,True,True,85,0.2548,3.5438,2.76,10.61
Dual Berettas | Twin Turbo (Minimal Wear),False,True,,True,True,90,True,True,89,0.0887,7.7259,7.19,9.44
AWP | Queen's Gambit (Well-Worn),False,True,,True,True,90,True,True,90,0.0016,62.5523,62.54,63.48
Glock-18 | Fully Tuned (Well-Worn),False,True,,True,True,91,True,True,90,0.0083,61.6709,61.61,66.44
UMP-45 | Wild Child (Factory New),False,True,,True,True,91,True,True,90,0.2317,34.1848,25.78,46.96
Glock-18 | Snack Attack (Field-Tested),False,True,,True,True,92,True,True,85,0.0749,17.4416,16.57,22.85
Desert Eagle | Blue Ply (Factory New),False,True,,True,True,92,True,True,88,0.1639,6.8724,5.75,8.95
AK-47 | Safety Net (Minimal Wear),False,True,,True,True,92,True,True,91,0.0285,4.6101,4.47,4.94
MAC-10 | Sienna Damask (Factory New),False,True,,True,True,93,True,True,90,0.2284,3.4534,2.94,5.44
AWP | Chrome Cannon (Battle-Scarred),False,True,,True,True,93,True,True,92,0.1027,28.9269,27.17,37.61
AUG | Chameleon (Minimal Wear),False,True,,True,True,94,True,True,94,0.0199,81.1936,79.35,85.1
USP-S | Cortex (Battle-Scarred),False,True,,True,True,95,True,True,86,0.1262,3.8604,3.56,5.35
UMP-45 | Momentum (Field-Tested),False,True,,True,True,95,True,True,95,0.0729,4.8495,4.36,5.35
MP5-SD | Phosphor (Field-Tested),False,True,,True,True,96,True,True,95,0.0822,4.5002,4.25,5.52
AUG | Random Access (Factory New),False,True,,True,True,97,True,True,95,0.2407,19.3207,15.62,28.44
AK-47 | Nightwish (Well-Worn),False,True,,True,True,97,True,True,96,0.0085,67.7999,66.9,72.67
MP9 | Airlock (Minimal Wear),False,True,,True,True,97,True,True,96,0.0721,13.1957,12.65,16.37
MP7 | Just Smile (Factory New),False,True,,True,True,98,True,True,96,0.216,10.8139,7.8,15.22
MP9 | Starlight Protector (Minimal Wear),False,True,,True,True,98,True,True,97,0.03,77.3183,75.34,84.94
AK-47 | Nightwish (Battle-Scarred),False,True,,True,True,99,True,True,99,0.1236,74.3932,66.17,113.88
MP5-SD | Kitbash (Factory New),False,True,,True,True,100,True,True,98,0.2333,5.48,4.09,7.5
Desert Eagle | Kumicho Dragon (Minimal Wear),False,True,,True,True,101,True,True,97,0.0943,30.8145,29.79,57.97
MP9 | Airlock (Field-Tested),False,True,,True,True,101,True,True,101,0.0757,12.111,11.47,15.14
MAC-10 | Disco Tech (Minimal Wear),False,True,,True,True,102,True,True,95,0.1046,8.9987,8.3,13.19
SG 553 | Pulse (Minimal Wear),False,True,,True,True,103,True,True,100,0.1311,10.3628,9.47,16.55
P2000 | Imperial Dragon (Minimal Wear),False,True,,True,True,103,True,True,102,0.1058,13.6958,12.69,17.27
P90 | Ancient Earth (Factory New),False,True,,True,True,104,True,True,102,0.2284,5.3976,4.42,7.72
P2000 | Imperial Dragon (Field-Tested),False,True,,True,True,104,True,True,104,0.0621,12.6178,11.74,13.83
AWP | Exoskeleton (Battle-Scarred),False,True,,True,True,105,True,True,101,0.1654,5.6174,4.75,8.66
SSG 08 | Rapid Transit (Factory New),False,True,,True,True,107,True,True,104,0.3415,16.1496,12.67,58.89
SSG 08 | Bloodshot (Field-Tested),False,True,,True,True,107,True,True,107,0.1847,22.6851,19.0,33.62
M4A1-S | Control Panel (Well-Worn),False,True,,True,True,108,True,True,104,0.0167,5.6801,5.63,6.49
AWP | Hyper Beast (Battle-Scarred),False,True,,True,True,109,True,True,107,0.2017,40.2615,34.15,60.26
MP9 | Rose Iron (Factory New),False,True,,True,True,109,True,True,108,0.1639,29.3445,26.2,45.21
AWP | Safari Mesh (Factory New),False,True,,True,True,110,True,True,105,0.065,18.1658,17.08,25.46
Desert Eagle | Directive (Minimal Wear),False,True,,True,True,110,True,True,109,0.0817,7.1179,6.79,9.76
AUG | Syd Mead (Field-Tested),False,True,,True,True,110,True,True,110,0.0923,12.7981,11.32,14.55
Desert Eagle | Light Rail (Factory New),False,True,,True,True,111,True,True,108,0.1523,20.0704,16.97,26.95
Glock-18 | Ironwork (Factory New),False,True,,True,True,112,True,True,112,0.1456,29.3679,25.26,39.5
P90 | Shallow Grave (Field-Tested),False,True,,True,True,113,True,True,111,0.099,38.5348,34.47,45.7
USP-S | Printstream (Battle-Scarred),False,True,,True,True,116,True,True,112,0.0366,34.8744,34.07,44.8
Tec-9 | Brother (Factory New),False,True,,True,True,119,True,True,117,0.1996,13.4965,10.33,19.4
AWP | Exoskeleton (Field-Tested),False,True,,True,True,120,True,True,118,0.0899,5.8479,5.66,10.85
MP7 | Nemesis (Minimal Wear),False,True,,True,True,120,True,True,118,0.1516,9.4647,8.05,13.35
Five-SeveN | Violent Daimyo (Factory New),False,True,,True,True,120,True,True,120,0.2197,4.4663,3.52,6.38
FAMAS | Mecha Industries (Field-Tested),False,True,,True,True,121,True,True,120,0.0203,35.0771,33.67,37.44
Five-SeveN | Hybrid (Factory New),False,True,,True,True,122,True,True,119,0.2265,8.252,6.35,12.11
FAMAS | Mecha Industries (Minimal Wear),False,True,,True,True,122,True,True,120,0.0421,42.8604,41.62,51.36
UMP-45 | Neo-Noir (Field-Tested),False,True,,True,True,123,True,True,120,0.1578,6.5445,5.64,8.3
Dual Berettas | Flora Carnivora (Factory New),False,True,,True,True,123,True,True,121,0.1686,10.7275,8.77,15.4
M4A4 | Griffin (Field-Tested),False,True,,True,True,124,True,True,123,0.0688,3.9005,3.71,4.62
AK-47 | Breakthrough (Factory New),False,True,,True,True,124,True,True,124,0.0012,21.2331,21.23,21.51
AK-47 | Nightwish (Minimal Wear),False,True,,True,True,125,True,True,123,0.0336,78.4655,76.53,92.6
Desert Eagle | Trigger Discipline (Factory New),False,True,,True,True,127,True,True,122,0.2096,10.388,8.85,19.38
MP9 | Hydra (Minimal Wear),False,True,,True,True,127,True,True,125,0.0988,12.4176,11.97,22.77
Glock-18 | Neo-Noir (Field-Tested),False,True,,True,True,128,True,True,127,0.0717,41.658,39.23,50.26
M4A4 | The Emperor (Minimal Wear),False,True,,True,True,128,True,True,127,0.0604,79.29,75.0,108.4
P250 | Red Tide (Factory New),False,True,,True,True,129,True,True,120,0.2107,3.6713,2.72,4.82
AWP | Acheron (Factory New),False,True,,True,True,129,True,True,124,0.1811,12.6648,10.7,21.13
MAG-7 | Monster Call (Factory New),False,True,,True,True,129,True,True,129,0.1773,7.8501,6.41,11.0
Desert Eagle | Calligraffiti (Factory New),False,True,,True,True,130,True,True,126,0.1351,19.086,15.26,24.08
UMP-45 | K.O. Factory (Well-Worn),False,True,,True,True,130,True,True,130,0.0066,4.4903,4.44,4.56
R8 Revolver | Skull Crusher (Field-Tested),False,True,,True,True,131,True,True,129,0.0738,10.4282,9.58,13.09
Desert Eagle | Printstream (Battle-Scarred),False,True,,True,True,131,True,True,130,0.0378,37.115,35.67,46.99
XM1014 | XOXO (Minimal Wear),False,True,,True,True,132,True,True,129,0.126,7.4387,6.72,9.76
AWP | Crakow! (Well-Worn),False,True,,True,True,133,True,True,130,0.0286,24.9582,24.66,31.65
AK-47 | Emerald Pinstripe (Well-Worn),False,True,,True,True,134,True,True,122,0.0256,2.8698,2.81,3.45
Desert Eagle | Code Red (Field-Tested),False,True,,True,True,134,True,True,133,0.0581,45.9578,43.63,54.66
USP-S | Flashback (Factory New),False,True,,True,True,135,True,True,131,0.2121,5.9258,4.98,8.8
MP7 | Bloodsport (Field-Tested),False,True,,True,True,135,True,True,134,0.033,37.7276,36.04,40.32
XM1014 | Incinegator (Field-Tested),False,True,,True,True,136,True,True,134,0.19,7.4893,5.66,9.6
M4A4 | Turbine (Minimal Wear),False,True,,True,True,137,True,True,134,0.0922,4.1531,3.76,5.65
MAC-10 | Saibā Oni (Factory New),False,True,,True,True,138,True,True,134,0.2045,12.0446,10.54,18.35
MP9 | Hypnotic (Factory New),False,True,,True,True,139,True,True,136,0.1163,31.8321,29.25,47.04
AWP | Chrome Cannon (Minimal Wear),False,True,,True,True,140,True,True,133,0.0801,41.6596,39.99,73.63
AWP | Mortis (Factory New),False,True,,True,True,141,True,True,139,0.2097,25.4591,21.86,38.71
AWP | Queen's Gambit (Field-Tested),False,True,,True,True,142,True,True,140,0.0118,74.2368,74.11,83.18
AUG | Amber Fade (Factory New),False,True,,True,True,145,True,True,131,0.2081,13.355,10.5,19.12
AK-47 | Safety Net (Factory New),False,True,,True,True,145,True,True,138,0.1324,30.7563,26.52,39.13
USP-S | Cortex (Well-Worn),False,True,,True,True,145,True,True,143,0.1362,3.5813,3.51,9.41
USP-S | Neo-Noir (Field-Tested),False,True,,True,True,145,True,True,144,0.031,99.0411,96.24,110.53
Glock-18 | Winterized (Factory New),False,True,,True,True,146,True,True,141,0.1855,4.5866,3.68,6.02
AK-47 | Safari Mesh (Factory New),False,True,,True,True,147,True,True,140,0.1013,17.0796,15.74,25.7
USP-S | Jawbreaker (Factory New),False,True,,True,True,148,True,True,143,0.1788,37.8826,32.61,54.6
AWP | Green Energy (Minimal Wear),False,True,,True,True,148,True,True,145,0.0717,27.9753,26.33,35.97
AK-47 | Crane Flight (Minimal Wear),False,True,,True,True,150,True,True,144,0.0845,44.3541,43.73,78.05
USP-S | Jawbreaker (Battle-Scarred),False,True,,True,True,150,True,True,145,0.1402,3.9108,3.59,5.59
SSG 08 | Abyss (Factory New),False,True,,True,True,152,True,True,146,0.0999,9.0991,8.44,13.06
Galil AR | Connexion (Factory New),False,True,,True,True,152,True,True,147,0.2194,7.3869,5.65,10.2
PP-Bizon | Brass (Factory New),False,True,,True,True,153,True,True,151,0.1789,8.5433,6.35,11.77
Glock-18 | Catacombs (Factory New),False,True,,True,True,153,True,True,152,0.1677,6.5316,6.02,9.94
M4A4 | In Living Color (Minimal Wear),False,True,,True,True,153,True,True,153,0.0532,57.1263,54.66,65.27
Sawed-Off | Kiss♥Love (Minimal Wear),False,True,,True,True,153,True,True,153,0.1778,8.071,6.69,10.3
AK-47 | Ice Coaled (Battle-Scarred),False,True,,True,True,154,True,True,139,0.1161,4.636,4.31,9.33
M4A1-S | Mud-Spec (Factory New),False,True,,True,True,154,True,True,150,0.2394,7.6423,5.64,15.37
Glock-18 | Night (Minimal Wear),False,True,,True,True,154,True,True,152,0.1523,36.8006,32.63,49.25
AK-47 | Phantom Disruptor (Factory New),False,True,,True,True,155,True,True,151,0.1761,39.2505,34.13,71.77
AK-47 | Steel Delta (Factory New),False,True,,True,True,156,True,True,150,0.153,27.7831,24.65,39.46
USP-S | Blueprint (Field-Tested),False,True,,True,True,156,True,True,152,0.0737,8.6085,8.19,10.87
SG 553 | Dragon Tech (Factory New),False,True,,True,True,158,True,True,156,0.2385,3.7385,2.83,5.12
AWP | Crakow! (Battle-Scarred),False,True,,True,True,160,True,True,151,0.1885,29.8671,25.52,45.5
AWP | Elite Build (Field-Tested),False,True,,True,True,161,True,True,157,0.0407,14.4016,13.97,18.3
M4A4 | Spider Lily (Field-Tested),False,True,,True,True,163,True,True,156,0.0715,9.1282,8.58,11.72
USP-S | Jawbreaker (Well-Worn),False,True,,True,True,164,True,True,156,0.0488,3.614,3.55,5.48
AWP | Neo-Noir (Minimal Wear),False,True,,True,True,164,True,True,157,0.0633,46.5923,45.1,77.14
AWP | Black Nile (Field-Tested),False,True,,True,True,165,True,True,150,0.0707,3.5467,3.39,4.76
P250 | Supernova (Factory New),False,True,,True,True,166,True,True,162,0.5758,7.4978,6.34,59.66
AK-47 | Aquamarine Revenge (Minimal Wear),False,True,,True,True,166,True,True,165,0.0473,72.9979,70.47,100.2
P250 | Muertos (Factory New),False,True,,True,True,166,True,True,165,0.1414,37.2502,34.44,58.04
AK-47 | Neon Rider (Minimal Wear),False,True,,True,True,167,True,True,154,0.0447,78.3437,75.03,90.03
AWP | Duality (Battle-Scarred),False,True,,True,True,167,True,True,156,0.1602,3.6671,3.3,7.36
AK-47 | Redline (Battle-Scarred),False,True,,True,True,167,True,True,160,0.1202,30.1431,28.96,74.35
AWP | Black Nile (Minimal Wear),False,True,,True,True,169,True,True,164,0.0764,6.0357,5.82,11.31
AWP | Ice Coaled (Battle-Scarred),False,True,,True,True,170,True,True,162,0.2038,5.6115,4.78,17.69
M4A4 | Poly Mag (Factory New),False,True,,True,True,171,True,True,167,0.1812,4.5408,3.67,5.97
MP9 | Mount Fuji (Field-Tested),False,True,,True,True,172,True,True,169,0.0807,6.5147,5.86,7.75
AK-47 | Legion of Anubis (Minimal Wear),False,True,,True,True,174,True,True,170,0.036,39.0429,37.96,50.67
MP7 | Fade (Field-Tested),False,True,,True,True,175,True,True,146,0.1077,10.8282,9.44,14.04
AWP | Black Nile (Factory New),False,True,,True,True,175,True,True,167,0.202,40.2368,32.07,55.78
M4A1-S | Fizzy POP (Factory New),False,True,,True,True,179,True,True,175,0.2014,13.1687,11.08,19.6
AK-47 | Emerald Pinstripe (Battle-Scarred),False,True,,True,True,180,True,True,166,1.1053,3.4161,2.55,53.15
M4A4 | Etch Lord (Factory New),False,True,,True,True,180,True,True,175,0.1881,9.9241,8.25,14.35
Glock-18 | Mirror Mosaic (Field-Tested),False,True,,True,True,181,True,True,172,0.1387,7.8302,7.13,15.6
AWP | Hyper Beast (Minimal Wear),False,True,,True,True,181,True,True,177,0.0879,56.1144,53.9,113.62
AWP | Atheris (Well-Worn),False,True,,True,True,184,True,True,176,0.1021,3.7817,3.69,8.71
Glock-18 | Blue Fissure (Minimal Wear),False,True,,True,True,185,True,True,177,0.4575,10.9243,9.76,70.09
Desert Eagle | Crimson Web (Minimal Wear),False,True,,True,True,186,True,True,183,0.1342,43.9669,39.85,60.88
AWP | Fever Dream (Field-Tested),False,True,,True,True,188,True,True,184,0.0183,13.3046,12.97,14.52
Tec-9 | Groundwater (Factory New),False,True,,True,True,188,True,True,185,0.116,3.7751,3.46,5.59
M4A4 | 龍王 (Dragon King) (Field-Tested),False,True,,True,True,188,True,True,186,0.0659,15.7045,14.92,21.46
Desert Eagle | Mecha Industries (Factory New),False,True,,True,True,189,True,True,182,0.1966,19.3763,17.34,32.6
AWP | Chromatic Aberration (Field-Tested),False,True,,True,True,189,True,True,186,0.0471,38.5518,37.0,46.22
AWP | Fever Dream (Factory New),False,True,,True,True,189,True,True,187,0.1405,33.1996,30.34,47.95
P250 | Muertos (Field-Tested),False,True,,True,True,191,True,True,189,0.0403,13.4751,12.74,14.68
Five-SeveN | Urban Hazard (Factory New),False,True,,True,True,194,True,True,190,0.3683,6.3598,5.66,35.86
P250 | Nevermore (Factory New),False,True,,True,True,194,True,True,191,0.2077,4.8234,4.15,7.13
Glock-18 | Glockingbird (Factory New),False,True,,True,True,195,True,True,180,0.2349,12.1616,9.54,17.02
AK-47 | Emerald Pinstripe (Factory New),False,True,,True,True,195,True,True,192,0.1935,32.0039,27.52,46.95
Galil AR | Signal (Factory New),False,True,,True,True,197,True,True,194,0.2005,6.031,5.29,8.99
AK-47 | Nouveau Rouge (Minimal Wear),False,True,,True,True,200,True,True,191,0.0802,43.1981,40.08,71.4
M4A1-S | Glitched Paint (Factory New),False,True,,True,True,201,True,True,190,0.2312,16.5442,13.96,30.23
Desert Eagle | Night (Minimal Wear),False,True,,True,True,202,True,True,194,0.3259,25.2308,22.37,132.14
AWP | Neo-Noir (Factory New),False,True,,True,True,203,True,True,198,0.1111,60.4147,56.48,87.44
AK-47 | Breakthrough (Field-Tested),False,True,,True,True,205,True,True,201,0.0257,3.8311,3.82,4.99
P250 | Muertos (Minimal Wear),False,True,,True,True,205,True,True,205,0.0454,13.3141,12.81,15.4
AK-47 | Legion of Anubis (Factory New),False,True,,True,True,207,True,True,202,0.2168,72.0259,63.08,113.6
AWP | Exothermic (Factory New),False,True,,True,True,207,True,True,207,0.0009,21.2819,21.28,21.48
AK-47 | Safety Net (Field-Tested),False,True,,True,True,208,True,True,195,0.0613,3.0527,2.9,4.83
MP7 | Abyssal Apparition (Minimal Wear),False,True,,True,True,208,True,True,207,0.117,9.8053,8.81,12.38
M4A4 | Tooth Fairy (Minimal Wear),False,True,,True,True,211,True,True,209,0.136,6.9521,6.05,8.76
AWP | Neo-Noir (Field-Tested),False,True,,True,True,212,True,True,207,0.0265,43.796,42.65,55.22
M4A1-S | Flashback (Field-Tested),False,True,,True,True,214,True,True,210,0.027,3.9707,3.9,4.61
AK-47 | Emerald Pinstripe (Minimal Wear),False,True,,True,True,216,True,True,207,0.3678,4.9388,4.51,30.63
MP9 | Hydra (Field-Tested),False,True,,True,True,216,True,True,209,0.129,6.9597,6.26,11.27
USP-S | Kill Confirmed (Field-Tested),False,True,,True,True,217,True,True,213,0.0971,74.507,69.28,138.13
AWP | Black Nile (Battle-Scarred),False,True,,True,True,219,True,True,205,0.2208,4.3921,3.33,8.83
AWP | Atheris (Battle-Scarred),False,True,,True,True,219,True,True,211,0.4506,4.6979,3.93,28.17
AK-47 | Searing Rage (Battle-Scarred),False,True,,True,True,221,True,True,211,0.0987,4.6325,4.44,6.65
USP-S | Black Lotus (Minimal Wear),False,True,,True,True,223,True,True,217,0.0838,3.3096,3.15,7.0
M4A4 | Tooth Fairy (Factory New),False,True,,True,True,225,True,True,218,0.1856,25.4924,21.25,37.03
Glock-18 | Water Elemental (Factory New),False,True,,True,True,225,True,True,223,0.1149,40.1508,37.65,59.83
M4A1-S | Blood Tiger (Minimal Wear),False,True,,True,True,226,True,True,214,0.0751,5.4045,5.17,10.49
MP7 | Amberline (Factory New),False,True,,True,True,226,True,True,226,0.0024,8.509,8.5,8.66
AK-47 | Point Disarray (Minimal Wear),False,True,,True,True,227,True,True,220,0.0362,24.5118,23.77,30.29
Sawed-Off | Kiss♥Love (Field-Tested),False,True,,True,True,227,True,True,224,0.1546,3.9099,3.44,5.32
Galil AR | Control (Factory New),False,True,,True,True,227,True,True,225,0.2025,7.7856,6.24,10.67
M4A1-S | Basilisk (Minimal Wear),False,True,,True,True,228,True,True,219,1.1488,11.6879,10.45,213.41
FAMAS | Rapid Eye Movement (Minimal Wear),False,True,,True,True,228,True,True,225,0.0945,9.5837,9.02,13.59
AWP | Ice Coaled (Field-Tested),False,True,,True,True,237,True,True,234,0.1066,8.5013,7.63,13.29
Desert Eagle | Printstream (Factory New),False,True,,True,True,239,True,True,224,0.2292,100.0509,84.26,198.73
AK-47 | Cartel (Minimal Wear),False,True,,True,True,244,True,True,237,0.131,23.0828,22.38,66.59
P250 | Visions (Minimal Wear),False,True,,True,True,244,True,True,242,0.1864,7.0155,5.52,9.04
AK-47 | The Outsiders (Field-Tested),False,True,,True,True,246,True,True,238,0.0712,8.801,8.35,11.53
XM1014 | XOXO (Field-Tested),False,True,,True,True,249,True,True,247,0.1331,4.1349,3.83,9.25
AK-47 | Searing Rage (Well-Worn),False,True,,True,True,251,True,True,243,0.0325,4.3727,4.31,6.23
M4A4 | Neo-Noir (Minimal Wear),False,True,,True,True,252,True,True,250,0.059,61.0279,58.22,74.8
MP9 | Food Chain (Field-Tested),False,True,,True,True,253,True,True,250,0.1059,4.5253,4.2,6.3
UMP-45 | Primal Saber (Field-Tested),False,True,,True,True,253,True,True,253,0.1192,14.2123,12.28,17.11
Desert Eagle | Mecha Industries (Minimal Wear),False,True,,True,True,264,True,True,256,0.0668,8.7657,8.34,11.21
Glock-18 | Vogue (Minimal Wear),False,True,,True,True,265,True,True,258,0.1776,6.7715,6.29,19.5
Glock-18 | Vogue (Factory New),False,True,,True,True,267,True,True,258,0.2244,17.5219,14.95,35.44
Desert Eagle | Crimson Web (Field-Tested),False,True,,True,True,269,True,True,266,0.1242,13.7436,12.83,35.45
XM1014 | Entombed (Minimal Wear),False,True,,True,True,269,True,True,268,0.2031,6.068,4.44,7.58
Tec-9 | Fuel Injector (Field-Tested),False,True,,True,True,270,True,True,266,0.0873,12.2222,11.43,22.77
Glock-18 | Grinder (Factory New),False,True,,True,True,272,True,True,268,0.1057,16.1024,15.12,27.34
USP-S | Jawbreaker (Minimal Wear),False,True,,True,True,273,True,True,262,0.0902,7.8251,7.46,10.81
M4A4 | Evil Daimyo (Field-Tested),False,True,,True,True,275,True,True,263,0.2554,3.6381,3.47,18.67
AWP | Hyper Beast (Field-Tested),False,True,,True,True,276,True,True,270,0.0747,38.4565,35.99,47.19
AK-47 | Nouveau Rouge (Field-Tested),False,True,,True,True,277,True,True,269,0.1244,16.2647,14.45,21.62
Desert Eagle | Mulberry (Factory New),False,True,,True,True,278,True,True,266,0.3371,30.823,25.49,159.94
M4A1-S | Player Two (Field-Tested),False,True,,True,True,278,True,True,274,0.0883,63.2409,57.76,77.27
USP-S | The Traitor (Field-Tested),False,True,,True,True,279,True,True,276,0.0725,40.9052,38.97,55.07
Glock-18 | Shinobu (Well-Worn),False,True,,True,True,283,True,True,276,0.0318,4.3671,4.32,5.79
Galil AR | Tuxedo (Factory New),False,True,,True,True,286,True,True,271,0.4232,4.7257,3.97,30.66
M4A1-S | Decimator (Minimal Wear),False,True,,True,True,292,True,True,277,0.1078,20.7397,19.83,45.04
AK-47 | Head Shot (Minimal Wear),False,True,,True,True,297,True,True,291,0.116,65.3897,59.01,87.68
AK-47 | Crossfade (Minimal Wear),False,True,,True,True,300,True,True,292,0.0443,3.71,3.56,4.86
Galil AR | Chromatic Aberration (Field-Tested),False,True,,True,True,305,True,True,298,0.0695,4.4918,4.31,6.53
Five-SeveN | Heat Treated (Factory New),False,True,,True,True,308,True,True,299,0.1008,46.7515,42.37,63.29
M4A1-S | Glitched Paint (Minimal Wear),False,True,,True,True,309,True,True,300,0.2281,5.355,4.6,23.3
AWP | Mortis (Minimal Wear),False,True,,True,True,309,True,True,306,0.0789,6.0949,5.82,7.68
M4A4 | Temukau (Minimal Wear),False,True,,True,True,311,True,True,301,0.144,77.2444,61.76,98.07
AK-47 | Cartel (Field-Tested),False,True,,True,True,315,True,True,305,0.0415,17.4572,16.96,24.69
Desert Eagle | Printstream (Minimal Wear),False,True,,True,True,317,True,True,303,0.0833,48.5124,45.3,75.38
M4A1-S | Stratosphere (Field-Tested),False,True,,True,True,319,True,True,317,0.1516,8.045,6.55,9.95
Galil AR | Sky Mandala (Factory New),False,True,,True,True,319,True,True,318,0.1972,2.72,2.69,12.27
AK-47 | Emerald Pinstripe (Field-Tested),False,True,,True,True,322,True,True,296,0.4367,3.0315,2.78,25.74
USP-S | Cyrex (Minimal Wear),False,True,,True,True,322,True,True,314,0.0341,4.261,4.18,5.69
AK-47 | Point Disarray (Field-Tested),False,True,,True,True,325,True,True,315,0.0419,14.7068,14.33,20.03
P250 | Franklin (Factory New),False,True,,True,True,326,True,True,321,0.1773,7.8569,7.01,11.88
AK-47 | Legion of Anubis (Field-Tested),False,True,,True,True,328,True,True,326,0.0406,39.0168,37.3,44.81
Glock-18 | AXIA (Minimal Wear),False,True,,True,True,329,True,True,319,0.067,53.1852,50.3,85.34
AWP | Chromatic Aberration (Minimal Wear),False,True,,True,True,331,True,True,329,0.1805,64.5389,44.66,78.78
AWP | Atheris (Minimal Wear),False,True,,True,True,334,True,True,316,0.1783,8.6657,8.3,33.32
AK-47 | Elite Build (Factory New),False,True,,True,True,341,True,True,329,0.1272,12.6198,11.31,20.4
M4A4 | Neo-Noir (Field-Tested),False,True,,True,True,345,True,True,341,0.1199,39.5447,35.4,53.73
AWP | Wildfire (Field-Tested),False,True,,True,True,348,True,True,337,0.062,49.7881,47.38,59.96
USP-S | Ticket to Hell (Factory New),False,True,,True,True,350,True,True,339,0.2039,4.412,3.69,6.53
USP-S | Cortex (Minimal Wear),False,True,,True,True,351,True,True,339,0.0615,7.9677,7.79,15.59
AK-47 | Neon Rider (Field-Tested),False,True,,True,True,353,True,True,332,0.0824,48.5702,45.44,63.25
AK-47 | Crossfade (Factory New),False,True,,True,True,355,True,True,338,0.2316,10.8454,8.64,20.61
AK-47 | Searing Rage (Minimal Wear),False,True,,True,True,355,True,True,347,0.1491,9.1317,7.85,15.04
AWP | Chrome Cannon (Field-Tested),False,True,,True,True,364,True,True,353,0.0916,33.01,30.62,45.88
USP-S | Printstream (Minimal Wear),False,True,,True,True,369,True,True,357,0.1386,72.6273,63.79,178.08
M4A1-S | Nightmare (Field-Tested),False,True,,True,True,370,True,True,364,0.0998,9.7184,9.15,13.42
Glock-18 | Water Elemental (Minimal Wear),False,True,,True,True,377,True,True,368,0.0865,20.5858,19.77,45.89
AWP | PAW (Factory New),False,True,,True,True,378,True,True,363,0.3,10.0442,9.34,63.83
AWP | Worm God (Factory New),False,True,,True,True,382,True,True,378,0.1204,7.0646,6.68,11.81
USP-S | Cyrex (Field-Tested),False,True,,True,True,384,True,True,378,0.0671,3.9882,3.87,8.7
Glock-18 | Shinobu (Battle-Scarred),False,True,,True,True,391,True,True,379,3.2115,6.5801,4.52,422.47
AWP | PAW (Minimal Wear),False,True,,True,True,397,True,True,383,0.0492,3.5869,3.51,6.2
AK-47 | Slate (Battle-Scarred),False,True,,True,True,400,True,True,366,0.1461,4.4753,4.02,7.08
AK-47 | Midnight Laminate (Minimal Wear),False,True,,True,True,400,True,True,368,0.182,14.1247,11.73,40.27
AK-47 | Slate (Field-Tested),False,True,,True,True,400,True,True,368,0.102,4.9843,4.65,9.99
AK-47 | Wintergreen (Minimal Wear),False,True,,True,True,400,True,True,369,0.1153,2.9564,2.7,7.57
MP7 | Fade (Factory New),False,True,,True,True,400,True,True,370,0.145,43.0497,33.14,86.12
AK-47 | Elite Build (Minimal Wear),False,True,,True,True,400,True,True,371,0.0832,3.1745,3.09,8.18
AK-47 | Ice Coaled (Field-Tested),False,True,,True,True,400,True,True,375,0.1581,5.0839,4.72,18.68
M4A1-S | Black Lotus (Minimal Wear),False,True,,True,True,400,True,True,375,0.1113,9.4723,8.82,23.82
AK-47 | Wintergreen (Factory New),False,True,,True,True,400,True,True,376,0.3299,9.945,7.48,43.17
AK-47 | Blue Laminate (Field-Tested),False,True,,True,True,400,True,True,377,0.1285,17.7891,17.12,49.61
USP-S | Jawbreaker (Field-Tested),False,True,,True,True,400,True,True,377,0.1219,4.4624,4.15,8.14
AK-47 | Redline (Field-Tested),False,True,,True,True,400,True,True,378,0.334,43.5744,31.48,125.93
AK-47 | Slate (Factory New),False,True,,True,True,400,True,True,380,0.1972,22.1814,19.69,60.46
M4A1-S | Solitude (Factory New),False,True,,True,True,400,True,True,380,0.1327,34.2499,30.18,64.24
USP-S | Cortex (Field-Tested),False,True,,True,True,400,True,True,380,0.1551,4.0462,3.9,15.58
AK-47 | Ice Coaled (Factory New),False,True,,True,True,400,True,True,381,0.2124,24.0195,21.11,69.99
AK-47 | Midnight Laminate (Field-Tested),False,True,,True,True,400,True,True,381,0.2393,6.2808,4.56,12.71
AWP | Atheris (Field-Tested),False,True,,True,True,400,True,True,381,0.11,5.1582,4.87,9.97
M4A1-S | Black Lotus (Factory New),False,True,,True,True,400,True,True,381,0.2567,22.9206,18.75,53.55
AWP | Redline (Field-Tested),False,True,,True,True,400,True,True,382,0.1595,41.5479,38.61,149.32
Glock-18 | Moonrise (Factory New),False,True,,True,True,400,True,True,382,4.1466,6.1475,4.38,514.21
AK-47 | Ice Coaled (Minimal Wear),False,True,,True,True,400,True,True,383,0.0716,8.6675,8.21,13.93
AWP | Asiimov (Battle-Scarred),False,True,,True,True,400,True,True,384,0.6937,179.5199,78.44,433.09
M4A1-S | Black Lotus (Field-Tested),False,True,,True,True,400,True,True,384,0.2711,5.9976,5.64,37.74
Desert Eagle | Printstream (Field-Tested),False,True,,True,True,400,True,True,385,0.0823,40.192,36.49,65.7
M4A1-S | Decimator (Field-Tested),False,True,,True,True,400,True,True,385,0.0474,14.3104,13.72,17.87
M4A1-S | Solitude (Minimal Wear),False,True,,True,True,400,True,True,385,0.4794,5.851,5.31,60.18
M4A4 | Converter (Factory New),False,True,,True,True,400,True,True,385,2.2587,4.1588,3.13,190.41
AWP | Mortis (Field-Tested),False,True,,True,True,400,True,True,386,0.0508,3.9137,3.8,6.77
AWP | Printstream (Field-Tested),False,True,,True,True,400,True,True,386,0.1686,55.502,48.25,160.84
Desert Eagle | Mulberry (Field-Tested),False,True,,True,True,400,True,True,386,0.242,4.7757,3.52,10.81
AK-47 | Phantom Disruptor (Field-Tested),False,True,,True,True,400,True,True,387,0.0273,6.1064,5.92,6.78
Galil AR | Rainbow Spoon (Minimal Wear),False,True,,True,True,400,True,True,387,0.0778,42.7336,39.89,73.63
Glock-18 | Shinobu (Field-Tested),False,True,,True,True,400,True,True,387,0.1114,5.6246,5.3,10.82
Glock-18 | Vogue (Field-Tested),False,True,,True,True,400,True,True,387,0.0955,4.2092,3.91,5.83
M4A4 | Choppa (Factory New),False,True,,True,True,400,True,True,390,0.1592,2.7388,2.4,4.07
USP-S | Printstream (Field-Tested),False,True,,True,True,400,True,True,390,0.1218,42.9025,37.86,54.72
USP-S | Royal Guard (Minimal Wear),False,True,,True,True,400,True,True,390,0.1155,4.8396,4.29,8.56
AK-47 | Frontside Misty (Field-Tested),False,True,,True,True,400,True,True,392,0.1003,18.996,17.33,27.22
AK-47 | Searing Rage (Field-Tested),False,True,,True,True,400,True,True,392,0.148,5.6884,5.23,13.05
Five-SeveN | Monkey Business (Field-Tested),False,True,,True,True,400,True,True,392,0.1719,14.7627,12.59,21.7
M4A1-S | Vaporwave (Field-Tested),False,True,,True,True,400,True,True,392,0.0697,60.8379,56.42,75.62
M4A4 | Evil Daimyo (Factory New),False,True,,True,True,400,True,True,392,0.1487,12.9867,11.88,19.28
AK-47 | Asiimov (Field-Tested),False,True,,True,True,400,True,True,393,0.0941,46.0501,41.65,59.41
AK-47 | Inheritance (Field-Tested),False,True,,True,True,400,True,True,393,0.0951,52.7715,48.19,64.54
M4A4 | Tooth Fairy (Field-Tested),False,True,,True,True,400,True,True,393,0.0942,4.1594,3.79,5.41
Desert Eagle | Mulberry (Minimal Wear),False,True,,True,True,400,True,True,394,0.1011,13.1415,11.55,16.95
Five-SeveN | Heat Treated (Well-Worn),False,True,,True,True,400,True,True,394,0.0273,4.3757,4.04,6.2
USP-S | Guardian (Factory New),False,True,,True,True,400,True,True,394,2.3821,12.4258,10.26,602.38
AWP | Duality (Field-Tested),False,True,,True,True,400,True,True,395,0.2373,4.7477,3.69,6.47
Glock-18 | Glockingbird (Minimal Wear),False,True,,True,True,400,True,True,395,0.1124,3.1296,2.54,3.63
MP9 | Arctic Tri-Tone (Field-Tested),False,True,,True,True,400,True,True,395,0.0738,4.8813,4.57,5.78
Five-SeveN | Heat Treated (Battle-Scarred),False,True,,True,True,400,True,True,396,0.0997,4.5691,4.14,6.57
M4A4 | Temukau (Field-Tested),False,True,,True,True,400,True,True,396,0.1275,42.348,37.23,54.54
P250 | Visions (Field-Tested),False,True,,True,True,400,True,True,396,0.1439,4.2694,3.5,5.33
AK-47 | Head Shot (Field-Tested),False,True,,True,True,400,True,True,397,0.1476,42.7844,36.68,56.75
Glock-18 | Water Elemental (Field-Tested),False,True,,True,True,400,True,True,397,0.0424,19.6666,18.78,21.99
P2000 | Wicked Sick (Field-Tested),False,True,,True,True,400,True,True,398,0.2434,4.7232,3.61,6.68
Glock-18 | AXIA (Field-Tested),False,True,,True,True,400,True,True,399,0.0343,39.8105,38.05,55.23
P250 | Asiimov (Field-Tested),False,True,,True,True,400,True,True,399,0.1666,14.3947,12.54,21.45
UMP-45 | Wild Child (Field-Tested),False,True,,True,True,400,True,True,399,0.2076,4.8985,3.58,6.4
XM1014 | Entombed (Field-Tested),False,True,,True,True,400,True,True,400,0.1019,4.184,3.54,4.75
